Page_URL,Brand_Name,Product_Name,Short_Name,Seo_Title,Long_Description,Seo_Description,Thumb_image,vendor_id,show_homepage,is_undefine,is_featured,new_product,is_top,is_best,status,is_specification,name_ar,short_name_ar,slug,category_id,sub_category_id,child_category_id,brand_id,qty,weight,sold_qty,short_description,video_link,sku,short_decription_ar,long_description_ar,tags,created_at,updated_at,id,Colour,Image_URL,Beden,Old_Price,Current_Price
https://www.trendyol.com/trendyolmilla/siyah-tuvit-elbise-twoaw21el0532-p-47646842,TRENDYOLMİLLA,Siyah Tüvit Elbise TWOAW21EL0532,Siyah Tüvit Elbise TWOAW21EL0532,Siyah Tüvit Elbise TWOAW21EL0532,"TRENDYOLMİLLA Siyah Tüvit Elbise TWOAW21EL0532
Geri Bildirim Ver
Modelin Ölçüleri: Boy: 1.75, Göğüs: 80, Bel: 60, Kalça: 88
Mankenin üzerindeki ürün S/36 bedendir.
%40 Pamuk %40 Polyester %20 Akrilik, Dokuma Kumaş
Omuzdan Boy: 90 cm
Bu üründen en fazla 10 adet sipariş verilebilir. 10 adetin üzerindeki siparişleri Trendyol iptal etme hakkını saklı tutar.
Kampanya fiyatından satılmak üzere 100 adetten fazla stok sunulmuştur.
Listelenen fiyat 12 Kasım 2022 tarihine kadar geçerlidir.
Bir ürün, birden fazla satıcı tarafından satılabilir. Birden fazla satıcı tarafından satışa sunulan ürünlerin satıcıları ürün için belirledikleri fiyata, satıcı puanlarına, teslimat statülerine, ürünlerdeki promosyonlara, kargonun bedava olup olmamasına ve ürünlerin hızlı teslimat ile teslim edilip edilememesine, ürünlerin stok ve kategorileri bilgilerine göre sıralanmaktadır.
Ürünlerimiz TRENDYOL etiketi ile gönderilecektir.","TRENDYOLMİLLA Siyah Tüvit Elbise TWOAW21EL0532
Geri Bildirim Ver
Modelin Ölçüleri: Boy: 1.75, Göğüs: 80, Bel: 60, Kalça: 88
Mankenin üzerindeki ürün S/36 bedendir.
%40 Pamuk %40 Polyester %20 Akrilik, Dokuma Kumaş
Omuzdan Boy: 90 cm
Bu üründen en fazla 10 adet sipariş verilebilir. 10 adetin üzerindeki siparişleri Trendyol iptal etme hakkını saklı tutar.
Kampanya fiyatından satılmak üzere 100 adetten fazla stok sunulmuştur.
Listelenen fiyat 12 Kasım 2022 tarihine kadar geçerlidir.
Bir ürün, birden fazla satıcı tarafından satılabilir. Birden fazla satıcı tarafından satışa sunulan ürünlerin satıcıları ürün için belirledikleri fiyata, satıcı puanlarına, teslimat statülerine, ürünlerdeki promosyonlara, kargonun bedava olup olmamasına ve ürünlerin hızlı teslimat ile teslim edilip edilememesine, ürünlerin stok ve kategorileri bilgilerine göre sıralanmaktadır.
Ürünlerimiz TRENDYOL etiketi ile gönderilecektir.",https://cdn.dsmcdn.com/ty163/product/media/images/20210824/17/122155097/84299695/1/1_org_zoom.jpg,0,1,0,1,1,1,1,1,1,,,,,,,,,,,,,,,,,,,,Lacivert,"https://cdn.dsmcdn.com/ty505/product/media/images/20220811/15/157907051/478252073/2/2_org_zoom.jpg,
https://cdn.dsmcdn.com/ty505/product/media/images/20220811/15/157907051/478252073/3/3_org_zoom.jpg,
https://cdn.dsmcdn.com/ty505/product/media/images/20220811/15/157907051/478252073/4/4_org_zoom.jpg,
https://cdn.dsmcdn.com/ty505/product/media/images/20220811/15/157907051/478252073/5/5_org_zoom.jpg,
https://cdn.dsmcdn.com/ty504/product/media/images/20220811/15/157907051/478252073/6/6_org_zoom.jpg,
https://cdn.dsmcdn.com/ty569/product/media/images/20221018/13/196556067/478252073/7/7_org_zoom.jpg,
https://cdn.dsmcdn.com/ty569/product/media/images/20221018/13/196556067/478252073/8/8_org_zoom.jpg,
https://cdn.dsmcdn.com/ty568/product/media/images/20221018/13/196556067/478252073/9/9_org_zoom.jpg,
https://cdn.dsmcdn.com/ty584/product/media/images/20221102/10/205674104/478252073/2/2_org_zoom.jpg,
https://cdn.dsmcdn.com/ty582/product/media/images/20221102/10/205674104/478252073/3/3_org_zoom.jpg,
https://cdn.dsmcdn.com/ty585/product/media/images/20221102/10/205674104/478252073/4/4_org_zoom.jpg,",34,"192,94 TL","171,99 TL"
https://www.trendyol.com/trendyolmilla/siyah-tuvit-elbise-twoaw21el0532-p-47646842,TRENDYOLMİLLA,Siyah Tüvit Elbise TWOAW21EL0532,Siyah Tüvit Elbise TWOAW21EL0532,Siyah Tüvit Elbise TWOAW21EL0532,"TRENDYOLMİLLA Siyah Tüvit Elbise TWOAW21EL0532
Geri Bildirim Ver
Modelin Ölçüleri: Boy: 1.75, Göğüs: 80, Bel: 60, Kalça: 88
Mankenin üzerindeki ürün S/36 bedendir.
%40 Pamuk %40 Polyester %20 Akrilik, Dokuma Kumaş
Omuzdan Boy: 90 cm
Bu üründen en fazla 10 adet sipariş verilebilir. 10 adetin üzerindeki siparişleri Trendyol iptal etme hakkını saklı tutar.
Kampanya fiyatından satılmak üzere 100 adetten fazla stok sunulmuştur.
Listelenen fiyat 12 Kasım 2022 tarihine kadar geçerlidir.
Bir ürün, birden fazla satıcı tarafından satılabilir. Birden fazla satıcı tarafından satışa sunulan ürünlerin satıcıları ürün için belirledikleri fiyata, satıcı puanlarına, teslimat statülerine, ürünlerdeki promosyonlara, kargonun bedava olup olmamasına ve ürünlerin hızlı teslimat ile teslim edilip edilememesine, ürünlerin stok ve kategorileri bilgilerine göre sıralanmaktadır.
Ürünlerimiz TRENDYOL etiketi ile gönderilecektir.","TRENDYOLMİLLA Siyah Tüvit Elbise TWOAW21EL0532
Geri Bildirim Ver
Modelin Ölçüleri: Boy: 1.75, Göğüs: 80, Bel: 60, Kalça: 88
Mankenin üzerindeki ürün S/36 bedendir.
%40 Pamuk %40 Polyester %20 Akrilik, Dokuma Kumaş
Omuzdan Boy: 90 cm
Bu üründen en fazla 10 adet sipariş verilebilir. 10 adetin üzerindeki siparişleri Trendyol iptal etme hakkını saklı tutar.
Kampanya fiyatından satılmak üzere 100 adetten fazla stok sunulmuştur.
Listelenen fiyat 12 Kasım 2022 tarihine kadar geçerlidir.
Bir ürün, birden fazla satıcı tarafından satılabilir. Birden fazla satıcı tarafından satışa sunulan ürünlerin satıcıları ürün için belirledikleri fiyata, satıcı puanlarına, teslimat statülerine, ürünlerdeki promosyonlara, kargonun bedava olup olmamasına ve ürünlerin hızlı teslimat ile teslim edilip edilememesine, ürünlerin stok ve kategorileri bilgilerine göre sıralanmaktadır.
Ürünlerimiz TRENDYOL etiketi ile gönderilecektir.",https://cdn.dsmcdn.com/ty163/product/media/images/20210824/17/122155097/84299695/1/1_org_zoom.jpg,0,1,0,1,1,1,1,1,1,,,,,,,,,,,,,,,,,,,,Lacivert,"https://cdn.dsmcdn.com/ty505/product/media/images/20220811/15/157907051/478252073/2/2_org_zoom.jpg,
https://cdn.dsmcdn.com/ty505/product/media/images/20220811/15/157907051/478252073/3/3_org_zoom.jpg,
https://cdn.dsmcdn.com/ty505/product/media/images/20220811/15/157907051/478252073/4/4_org_zoom.jpg,
https://cdn.dsmcdn.com/ty505/product/media/images/20220811/15/157907051/478252073/5/5_org_zoom.jpg,
https://cdn.dsmcdn.com/ty504/product/media/images/20220811/15/157907051/478252073/6/6_org_zoom.jpg,
https://cdn.dsmcdn.com/ty569/product/media/images/20221018/13/196556067/478252073/7/7_org_zoom.jpg,
https://cdn.dsmcdn.com/ty569/product/media/images/20221018/13/196556067/478252073/8/8_org_zoom.jpg,
https://cdn.dsmcdn.com/ty568/product/media/images/20221018/13/196556067/478252073/9/9_org_zoom.jpg,
https://cdn.dsmcdn.com/ty584/product/media/images/20221102/10/205674104/478252073/2/2_org_zoom.jpg,
https://cdn.dsmcdn.com/ty582/product/media/images/20221102/10/205674104/478252073/3/3_org_zoom.jpg,
https://cdn.dsmcdn.com/ty585/product/media/images/20221102/10/205674104/478252073/4/4_org_zoom.jpg,",36,"192,94 TL","171,99 TL"
https://www.trendyol.com/trendyolmilla/siyah-tuvit-elbise-twoaw21el0532-p-47646842,TRENDYOLMİLLA,Siyah Tüvit Elbise TWOAW21EL0532,Siyah Tüvit Elbise TWOAW21EL0532,Siyah Tüvit Elbise TWOAW21EL0532,"TRENDYOLMİLLA Siyah Tüvit Elbise TWOAW21EL0532
Geri Bildirim Ver
Modelin Ölçüleri: Boy: 1.75, Göğüs: 80, Bel: 60, Kalça: 88
Mankenin üzerindeki ürün S/36 bedendir.
%40 Pamuk %40 Polyester %20 Akrilik, Dokuma Kumaş
Omuzdan Boy: 90 cm
Bu üründen en fazla 10 adet sipariş verilebilir. 10 adetin üzerindeki siparişleri Trendyol iptal etme hakkını saklı tutar.
Kampanya fiyatından satılmak üzere 100 adetten fazla stok sunulmuştur.
Listelenen fiyat 12 Kasım 2022 tarihine kadar geçerlidir.
Bir ürün, birden fazla satıcı tarafından satılabilir. Birden fazla satıcı tarafından satışa sunulan ürünlerin satıcıları ürün için belirledikleri fiyata, satıcı puanlarına, teslimat statülerine, ürünlerdeki promosyonlara, kargonun bedava olup olmamasına ve ürünlerin hızlı teslimat ile teslim edilip edilememesine, ürünlerin stok ve kategorileri bilgilerine göre sıralanmaktadır.
Ürünlerimiz TRENDYOL etiketi ile gönderilecektir.","TRENDYOLMİLLA Siyah Tüvit Elbise TWOAW21EL0532
Geri Bildirim Ver
Modelin Ölçüleri: Boy: 1.75, Göğüs: 80, Bel: 60, Kalça: 88
Mankenin üzerindeki ürün S/36 bedendir.
%40 Pamuk %40 Polyester %20 Akrilik, Dokuma Kumaş
Omuzdan Boy: 90 cm
Bu üründen en fazla 10 adet sipariş verilebilir. 10 adetin üzerindeki siparişleri Trendyol iptal etme hakkını saklı tutar.
Kampanya fiyatından satılmak üzere 100 adetten fazla stok sunulmuştur.
Listelenen fiyat 12 Kasım 2022 tarihine kadar geçerlidir.
Bir ürün, birden fazla satıcı tarafından satılabilir. Birden fazla satıcı tarafından satışa sunulan ürünlerin satıcıları ürün için belirledikleri fiyata, satıcı puanlarına, teslimat statülerine, ürünlerdeki promosyonlara, kargonun bedava olup olmamasına ve ürünlerin hızlı teslimat ile teslim edilip edilememesine, ürünlerin stok ve kategorileri bilgilerine göre sıralanmaktadır.
Ürünlerimiz TRENDYOL etiketi ile gönderilecektir.",https://cdn.dsmcdn.com/ty163/product/media/images/20210824/17/122155097/84299695/1/1_org_zoom.jpg,0,1,0,1,1,1,1,1,1,,,,,,,,,,,,,,,,,,,,Lacivert,"https://cdn.dsmcdn.com/ty505/product/media/images/20220811/15/157907051/478252073/2/2_org_zoom.jpg,
https://cdn.dsmcdn.com/ty505/product/media/images/20220811/15/157907051/478252073/3/3_org_zoom.jpg,
https://cdn.dsmcdn.com/ty505/product/media/images/20220811/15/157907051/478252073/4/4_org_zoom.jpg,
https://cdn.dsmcdn.com/ty505/product/media/images/20220811/15/157907051/478252073/5/5_org_zoom.jpg,
https://cdn.dsmcdn.com/ty504/product/media/images/20220811/15/157907051/478252073/6/6_org_zoom.jpg,
https://cdn.dsmcdn.com/ty569/product/media/images/20221018/13/196556067/478252073/7/7_org_zoom.jpg,
https://cdn.dsmcdn.com/ty569/product/media/images/20221018/13/196556067/478252073/8/8_org_zoom.jpg,
https://cdn.dsmcdn.com/ty568/product/media/images/20221018/13/196556067/478252073/9/9_org_zoom.jpg,
https://cdn.dsmcdn.com/ty584/product/media/images/20221102/10/205674104/478252073/2/2_org_zoom.jpg,
https://cdn.dsmcdn.com/ty582/product/media/images/20221102/10/205674104/478252073/3/3_org_zoom.jpg,
https://cdn.dsmcdn.com/ty585/product/media/images/20221102/10/205674104/478252073/4/4_org_zoom.jpg,",38,"192,94 TL","171,99 TL"
https://www.trendyol.com/trendyolmilla/siyah-tuvit-elbise-twoaw21el0532-p-47646842,TRENDYOLMİLLA,Siyah Tüvit Elbise TWOAW21EL0532,Siyah Tüvit Elbise TWOAW21EL0532,Siyah Tüvit Elbise TWOAW21EL0532,"TRENDYOLMİLLA Siyah Tüvit Elbise TWOAW21EL0532
Geri Bildirim Ver
Modelin Ölçüleri: Boy: 1.75, Göğüs: 80, Bel: 60, Kalça: 88
Mankenin üzerindeki ürün S/36 bedendir.
%40 Pamuk %40 Polyester %20 Akrilik, Dokuma Kumaş
Omuzdan Boy: 90 cm
Bu üründen en fazla 10 adet sipariş verilebilir. 10 adetin üzerindeki siparişleri Trendyol iptal etme hakkını saklı tutar.
Kampanya fiyatından satılmak üzere 100 adetten fazla stok sunulmuştur.
Listelenen fiyat 12 Kasım 2022 tarihine kadar geçerlidir.
Bir ürün, birden fazla satıcı tarafından satılabilir. Birden fazla satıcı tarafından satışa sunulan ürünlerin satıcıları ürün için belirledikleri fiyata, satıcı puanlarına, teslimat statülerine, ürünlerdeki promosyonlara, kargonun bedava olup olmamasına ve ürünlerin hızlı teslimat ile teslim edilip edilememesine, ürünlerin stok ve kategorileri bilgilerine göre sıralanmaktadır.
Ürünlerimiz TRENDYOL etiketi ile gönderilecektir.","TRENDYOLMİLLA Siyah Tüvit Elbise TWOAW21EL0532
Geri Bildirim Ver
Modelin Ölçüleri: Boy: 1.75, Göğüs: 80, Bel: 60, Kalça: 88
Mankenin üzerindeki ürün S/36 bedendir.
%40 Pamuk %40 Polyester %20 Akrilik, Dokuma Kumaş
Omuzdan Boy: 90 cm
Bu üründen en fazla 10 adet sipariş verilebilir. 10 adetin üzerindeki siparişleri Trendyol iptal etme hakkını saklı tutar.
Kampanya fiyatından satılmak üzere 100 adetten fazla stok sunulmuştur.
Listelenen fiyat 12 Kasım 2022 tarihine kadar geçerlidir.
Bir ürün, birden fazla satıcı tarafından satılabilir. Birden fazla satıcı tarafından satışa sunulan ürünlerin satıcıları ürün için belirledikleri fiyata, satıcı puanlarına, teslimat statülerine, ürünlerdeki promosyonlara, kargonun bedava olup olmamasına ve ürünlerin hızlı teslimat ile teslim edilip edilememesine, ürünlerin stok ve kategorileri bilgilerine göre sıralanmaktadır.
Ürünlerimiz TRENDYOL etiketi ile gönderilecektir.",https://cdn.dsmcdn.com/ty163/product/media/images/20210824/17/122155097/84299695/1/1_org_zoom.jpg,0,1,0,1,1,1,1,1,1,,,,,,,,,,,,,,,,,,,,Lacivert,"https://cdn.dsmcdn.com/ty505/product/media/images/20220811/15/157907051/478252073/2/2_org_zoom.jpg,
https://cdn.dsmcdn.com/ty505/product/media/images/20220811/15/157907051/478252073/3/3_org_zoom.jpg,
https://cdn.dsmcdn.com/ty505/product/media/images/20220811/15/157907051/478252073/4/4_org_zoom.jpg,
https://cdn.dsmcdn.com/ty505/product/media/images/20220811/15/157907051/478252073/5/5_org_zoom.jpg,
https://cdn.dsmcdn.com/ty504/product/media/images/20220811/15/157907051/478252073/6/6_org_zoom.jpg,
https://cdn.dsmcdn.com/ty569/product/media/images/20221018/13/196556067/478252073/7/7_org_zoom.jpg,
https://cdn.dsmcdn.com/ty569/product/media/images/20221018/13/196556067/478252073/8/8_org_zoom.jpg,
https://cdn.dsmcdn.com/ty568/product/media/images/20221018/13/196556067/478252073/9/9_org_zoom.jpg,
https://cdn.dsmcdn.com/ty584/product/media/images/20221102/10/205674104/478252073/2/2_org_zoom.jpg,
https://cdn.dsmcdn.com/ty582/product/media/images/20221102/10/205674104/478252073/3/3_org_zoom.jpg,
https://cdn.dsmcdn.com/ty585/product/media/images/20221102/10/205674104/478252073/4/4_org_zoom.jpg,",40,"192,94 TL","171,99 TL"
https://www.trendyol.com/trendyolmilla/siyah-tuvit-elbise-twoaw21el0532-p-47646842,TRENDYOLMİLLA,Siyah Tüvit Elbise TWOAW21EL0532,Siyah Tüvit Elbise TWOAW21EL0532,Siyah Tüvit Elbise TWOAW21EL0532,"TRENDYOLMİLLA Siyah Tüvit Elbise TWOAW21EL0532
Geri Bildirim Ver
Modelin Ölçüleri: Boy: 1.75, Göğüs: 80, Bel: 60, Kalça: 88
Mankenin üzerindeki ürün S/36 bedendir.
%40 Pamuk %40 Polyester %20 Akrilik, Dokuma Kumaş
Omuzdan Boy: 90 cm
Bu üründen en fazla 10 adet sipariş verilebilir. 10 adetin üzerindeki siparişleri Trendyol iptal etme hakkını saklı tutar.
Kampanya fiyatından satılmak üzere 100 adetten fazla stok sunulmuştur.
Listelenen fiyat 12 Kasım 2022 tarihine kadar geçerlidir.
Bir ürün, birden fazla satıcı tarafından satılabilir. Birden fazla satıcı tarafından satışa sunulan ürünlerin satıcıları ürün için belirledikleri fiyata, satıcı puanlarına, teslimat statülerine, ürünlerdeki promosyonlara, kargonun bedava olup olmamasına ve ürünlerin hızlı teslimat ile teslim edilip edilememesine, ürünlerin stok ve kategorileri bilgilerine göre sıralanmaktadır.
Ürünlerimiz TRENDYOL etiketi ile gönderilecektir.","TRENDYOLMİLLA Siyah Tüvit Elbise TWOAW21EL0532
Geri Bildirim Ver
Modelin Ölçüleri: Boy: 1.75, Göğüs: 80, Bel: 60, Kalça: 88
Mankenin üzerindeki ürün S/36 bedendir.
%40 Pamuk %40 Polyester %20 Akrilik, Dokuma Kumaş
Omuzdan Boy: 90 cm
Bu üründen en fazla 10 adet sipariş verilebilir. 10 adetin üzerindeki siparişleri Trendyol iptal etme hakkını saklı tutar.
Kampanya fiyatından satılmak üzere 100 adetten fazla stok sunulmuştur.
Listelenen fiyat 12 Kasım 2022 tarihine kadar geçerlidir.
Bir ürün, birden fazla satıcı tarafından satılabilir. Birden fazla satıcı tarafından satışa sunulan ürünlerin satıcıları ürün için belirledikleri fiyata, satıcı puanlarına, teslimat statülerine, ürünlerdeki promosyonlara, kargonun bedava olup olmamasına ve ürünlerin hızlı teslimat ile teslim edilip edilememesine, ürünlerin stok ve kategorileri bilgilerine göre sıralanmaktadır.
Ürünlerimiz TRENDYOL etiketi ile gönderilecektir.",https://cdn.dsmcdn.com/ty163/product/media/images/20210824/17/122155097/84299695/1/1_org_zoom.jpg,0,1,0,1,1,1,1,1,1,,,,,,,,,,,,,,,,,,,,Lacivert,"https://cdn.dsmcdn.com/ty505/product/media/images/20220811/15/157907051/478252073/2/2_org_zoom.jpg,
https://cdn.dsmcdn.com/ty505/product/media/images/20220811/15/157907051/478252073/3/3_org_zoom.jpg,
https://cdn.dsmcdn.com/ty505/product/media/images/20220811/15/157907051/478252073/4/4_org_zoom.jpg,
https://cdn.dsmcdn.com/ty505/product/media/images/20220811/15/157907051/478252073/5/5_org_zoom.jpg,
https://cdn.dsmcdn.com/ty504/product/media/images/20220811/15/157907051/478252073/6/6_org_zoom.jpg,
https://cdn.dsmcdn.com/ty569/product/media/images/20221018/13/196556067/478252073/7/7_org_zoom.jpg,
https://cdn.dsmcdn.com/ty569/product/media/images/20221018/13/196556067/478252073/8/8_org_zoom.jpg,
https://cdn.dsmcdn.com/ty568/product/media/images/20221018/13/196556067/478252073/9/9_org_zoom.jpg,
https://cdn.dsmcdn.com/ty584/product/media/images/20221102/10/205674104/478252073/2/2_org_zoom.jpg,
https://cdn.dsmcdn.com/ty582/product/media/images/20221102/10/205674104/478252073/3/3_org_zoom.jpg,
https://cdn.dsmcdn.com/ty585/product/media/images/20221102/10/205674104/478252073/4/4_org_zoom.jpg,",42,"192,94 TL","171,99 TL"
https://www.trendyol.com/trendyolmilla/siyah-tuvit-elbise-twoaw21el0532-p-47646842,TRENDYOLMİLLA,Siyah Tüvit Elbise TWOAW21EL0532,Siyah Tüvit Elbise TWOAW21EL0532,Siyah Tüvit Elbise TWOAW21EL0532,"TRENDYOLMİLLA Siyah Tüvit Elbise TWOAW21EL0532
Geri Bildirim Ver
Modelin Ölçüleri: Boy: 1.75, Göğüs: 80, Bel: 60, Kalça: 88
Mankenin üzerindeki ürün S/36 bedendir.
%40 Pamuk %40 Polyester %20 Akrilik, Dokuma Kumaş
Omuzdan Boy: 90 cm
Bu üründen en fazla 10 adet sipariş verilebilir. 10 adetin üzerindeki siparişleri Trendyol iptal etme hakkını saklı tutar.
Kampanya fiyatından satılmak üzere 100 adetten fazla stok sunulmuştur.
Listelenen fiyat 12 Kasım 2022 tarihine kadar geçerlidir.
Bir ürün, birden fazla satıcı tarafından satılabilir. Birden fazla satıcı tarafından satışa sunulan ürünlerin satıcıları ürün için belirledikleri fiyata, satıcı puanlarına, teslimat statülerine, ürünlerdeki promosyonlara, kargonun bedava olup olmamasına ve ürünlerin hızlı teslimat ile teslim edilip edilememesine, ürünlerin stok ve kategorileri bilgilerine göre sıralanmaktadır.
Ürünlerimiz TRENDYOL etiketi ile gönderilecektir.","TRENDYOLMİLLA Siyah Tüvit Elbise TWOAW21EL0532
Geri Bildirim Ver
Modelin Ölçüleri: Boy: 1.75, Göğüs: 80, Bel: 60, Kalça: 88
Mankenin üzerindeki ürün S/36 bedendir.
%40 Pamuk %40 Polyester %20 Akrilik, Dokuma Kumaş
Omuzdan Boy: 90 cm
Bu üründen en fazla 10 adet sipariş verilebilir. 10 adetin üzerindeki siparişleri Trendyol iptal etme hakkını saklı tutar.
Kampanya fiyatından satılmak üzere 100 adetten fazla stok sunulmuştur.
Listelenen fiyat 12 Kasım 2022 tarihine kadar geçerlidir.
Bir ürün, birden fazla satıcı tarafından satılabilir. Birden fazla satıcı tarafından satışa sunulan ürünlerin satıcıları ürün için belirledikleri fiyata, satıcı puanlarına, teslimat statülerine, ürünlerdeki promosyonlara, kargonun bedava olup olmamasına ve ürünlerin hızlı teslimat ile teslim edilip edilememesine, ürünlerin stok ve kategorileri bilgilerine göre sıralanmaktadır.
Ürünlerimiz TRENDYOL etiketi ile gönderilecektir.",https://cdn.dsmcdn.com/ty163/product/media/images/20210824/17/122155097/84299695/1/1_org_zoom.jpg,0,1,0,1,1,1,1,1,1,,,,,,,,,,,,,,,,,,,,Siyah,"https://cdn.dsmcdn.com/ty163/product/media/images/20210824/17/122155097/84299695/1/1_org_zoom.jpg,
https://cdn.dsmcdn.com/ty162/product/media/images/20210824/17/122155097/84299695/2/2_org_zoom.jpg,
https://cdn.dsmcdn.com/ty164/product/media/images/20210824/17/122155097/84299695/3/3_org_zoom.jpg,
https://cdn.dsmcdn.com/ty162/product/media/images/20210824/17/122155097/84299695/4/4_org_zoom.jpg,
https://cdn.dsmcdn.com/ty162/product/media/images/20210824/17/122155097/84299695/5/5_org_zoom.jpg,",34,,"283,99 TL"
https://www.trendyol.com/trendyolmilla/siyah-tuvit-elbise-twoaw21el0532-p-47646842,TRENDYOLMİLLA,Siyah Tüvit Elbise TWOAW21EL0532,Siyah Tüvit Elbise TWOAW21EL0532,Siyah Tüvit Elbise TWOAW21EL0532,"TRENDYOLMİLLA Siyah Tüvit Elbise TWOAW21EL0532
Geri Bildirim Ver
Modelin Ölçüleri: Boy: 1.75, Göğüs: 80, Bel: 60, Kalça: 88
Mankenin üzerindeki ürün S/36 bedendir.
%40 Pamuk %40 Polyester %20 Akrilik, Dokuma Kumaş
Omuzdan Boy: 90 cm
Bu üründen en fazla 10 adet sipariş verilebilir. 10 adetin üzerindeki siparişleri Trendyol iptal etme hakkını saklı tutar.
Kampanya fiyatından satılmak üzere 100 adetten fazla stok sunulmuştur.
Listelenen fiyat 12 Kasım 2022 tarihine kadar geçerlidir.
Bir ürün, birden fazla satıcı tarafından satılabilir. Birden fazla satıcı tarafından satışa sunulan ürünlerin satıcıları ürün için belirledikleri fiyata, satıcı puanlarına, teslimat statülerine, ürünlerdeki promosyonlara, kargonun bedava olup olmamasına ve ürünlerin hızlı teslimat ile teslim edilip edilememesine, ürünlerin stok ve kategorileri bilgilerine göre sıralanmaktadır.
Ürünlerimiz TRENDYOL etiketi ile gönderilecektir.","TRENDYOLMİLLA Siyah Tüvit Elbise TWOAW21EL0532
Geri Bildirim Ver
Modelin Ölçüleri: Boy: 1.75, Göğüs: 80, Bel: 60, Kalça: 88
Mankenin üzerindeki ürün S/36 bedendir.
%40 Pamuk %40 Polyester %20 Akrilik, Dokuma Kumaş
Omuzdan Boy: 90 cm
Bu üründen en fazla 10 adet sipariş verilebilir. 10 adetin üzerindeki siparişleri Trendyol iptal etme hakkını saklı tutar.
Kampanya fiyatından satılmak üzere 100 adetten fazla stok sunulmuştur.
Listelenen fiyat 12 Kasım 2022 tarihine kadar geçerlidir.
Bir ürün, birden fazla satıcı tarafından satılabilir. Birden fazla satıcı tarafından satışa sunulan ürünlerin satıcıları ürün için belirledikleri fiyata, satıcı puanlarına, teslimat statülerine, ürünlerdeki promosyonlara, kargonun bedava olup olmamasına ve ürünlerin hızlı teslimat ile teslim edilip edilememesine, ürünlerin stok ve kategorileri bilgilerine göre sıralanmaktadır.
Ürünlerimiz TRENDYOL etiketi ile gönderilecektir.",https://cdn.dsmcdn.com/ty163/product/media/images/20210824/17/122155097/84299695/1/1_org_zoom.jpg,0,1,0,1,1,1,1,1,1,,,,,,,,,,,,,,,,,,,,Siyah,"https://cdn.dsmcdn.com/ty163/product/media/images/20210824/17/122155097/84299695/1/1_org_zoom.jpg,
https://cdn.dsmcdn.com/ty162/product/media/images/20210824/17/122155097/84299695/2/2_org_zoom.jpg,
https://cdn.dsmcdn.com/ty164/product/media/images/20210824/17/122155097/84299695/3/3_org_zoom.jpg,
https://cdn.dsmcdn.com/ty162/product/media/images/20210824/17/122155097/84299695/4/4_org_zoom.jpg,
https://cdn.dsmcdn.com/ty162/product/media/images/20210824/17/122155097/84299695/5/5_org_zoom.jpg,",36,,"283,99 TL"
https://www.trendyol.com/trendyolmilla/siyah-tuvit-elbise-twoaw21el0532-p-47646842,TRENDYOLMİLLA,Siyah Tüvit Elbise TWOAW21EL0532,Siyah Tüvit Elbise TWOAW21EL0532,Siyah Tüvit Elbise TWOAW21EL0532,"TRENDYOLMİLLA Siyah Tüvit Elbise TWOAW21EL0532
Geri Bildirim Ver
Modelin Ölçüleri: Boy: 1.75, Göğüs: 80, Bel: 60, Kalça: 88
Mankenin üzerindeki ürün S/36 bedendir.
%40 Pamuk %40 Polyester %20 Akrilik, Dokuma Kumaş
Omuzdan Boy: 90 cm
Bu üründen en fazla 10 adet sipariş verilebilir. 10 adetin üzerindeki siparişleri Trendyol iptal etme hakkını saklı tutar.
Kampanya fiyatından satılmak üzere 100 adetten fazla stok sunulmuştur.
Listelenen fiyat 12 Kasım 2022 tarihine kadar geçerlidir.
Bir ürün, birden fazla satıcı tarafından satılabilir. Birden fazla satıcı tarafından satışa sunulan ürünlerin satıcıları ürün için belirledikleri fiyata, satıcı puanlarına, teslimat statülerine, ürünlerdeki promosyonlara, kargonun bedava olup olmamasına ve ürünlerin hızlı teslimat ile teslim edilip edilememesine, ürünlerin stok ve kategorileri bilgilerine göre sıralanmaktadır.
Ürünlerimiz TRENDYOL etiketi ile gönderilecektir.","TRENDYOLMİLLA Siyah Tüvit Elbise TWOAW21EL0532
Geri Bildirim Ver
Modelin Ölçüleri: Boy: 1.75, Göğüs: 80, Bel: 60, Kalça: 88
Mankenin üzerindeki ürün S/36 bedendir.
%40 Pamuk %40 Polyester %20 Akrilik, Dokuma Kumaş
Omuzdan Boy: 90 cm
Bu üründen en fazla 10 adet sipariş verilebilir. 10 adetin üzerindeki siparişleri Trendyol iptal etme hakkını saklı tutar.
Kampanya fiyatından satılmak üzere 100 adetten fazla stok sunulmuştur.
Listelenen fiyat 12 Kasım 2022 tarihine kadar geçerlidir.
Bir ürün, birden fazla satıcı tarafından satılabilir. Birden fazla satıcı tarafından satışa sunulan ürünlerin satıcıları ürün için belirledikleri fiyata, satıcı puanlarına, teslimat statülerine, ürünlerdeki promosyonlara, kargonun bedava olup olmamasına ve ürünlerin hızlı teslimat ile teslim edilip edilememesine, ürünlerin stok ve kategorileri bilgilerine göre sıralanmaktadır.
Ürünlerimiz TRENDYOL etiketi ile gönderilecektir.",https://cdn.dsmcdn.com/ty163/product/media/images/20210824/17/122155097/84299695/1/1_org_zoom.jpg,0,1,0,1,1,1,1,1,1,,,,,,,,,,,,,,,,,,,,Siyah,"https://cdn.dsmcdn.com/ty163/product/media/images/20210824/17/122155097/84299695/1/1_org_zoom.jpg,
https://cdn.dsmcdn.com/ty162/product/media/images/20210824/17/122155097/84299695/2/2_org_zoom.jpg,
https://cdn.dsmcdn.com/ty164/product/media/images/20210824/17/122155097/84299695/3/3_org_zoom.jpg,
https://cdn.dsmcdn.com/ty162/product/media/images/20210824/17/122155097/84299695/4/4_org_zoom.jpg,
https://cdn.dsmcdn.com/ty162/product/media/images/20210824/17/122155097/84299695/5/5_org_zoom.jpg,",38,,"283,99 TL"
https://www.trendyol.com/trendyolmilla/siyah-tuvit-elbise-twoaw21el0532-p-47646842,TRENDYOLMİLLA,Siyah Tüvit Elbise TWOAW21EL0532,Siyah Tüvit Elbise TWOAW21EL0532,Siyah Tüvit Elbise TWOAW21EL0532,"TRENDYOLMİLLA Siyah Tüvit Elbise TWOAW21EL0532
Geri Bildirim Ver
Modelin Ölçüleri: Boy: 1.75, Göğüs: 80, Bel: 60, Kalça: 88
Mankenin üzerindeki ürün S/36 bedendir.
%40 Pamuk %40 Polyester %20 Akrilik, Dokuma Kumaş
Omuzdan Boy: 90 cm
Bu üründen en fazla 10 adet sipariş verilebilir. 10 adetin üzerindeki siparişleri Trendyol iptal etme hakkını saklı tutar.
Kampanya fiyatından satılmak üzere 100 adetten fazla stok sunulmuştur.
Listelenen fiyat 12 Kasım 2022 tarihine kadar geçerlidir.
Bir ürün, birden fazla satıcı tarafından satılabilir. Birden fazla satıcı tarafından satışa sunulan ürünlerin satıcıları ürün için belirledikleri fiyata, satıcı puanlarına, teslimat statülerine, ürünlerdeki promosyonlara, kargonun bedava olup olmamasına ve ürünlerin hızlı teslimat ile teslim edilip edilememesine, ürünlerin stok ve kategorileri bilgilerine göre sıralanmaktadır.
Ürünlerimiz TRENDYOL etiketi ile gönderilecektir.","TRENDYOLMİLLA Siyah Tüvit Elbise TWOAW21EL0532
Geri Bildirim Ver
Modelin Ölçüleri: Boy: 1.75, Göğüs: 80, Bel: 60, Kalça: 88
Mankenin üzerindeki ürün S/36 bedendir.
%40 Pamuk %40 Polyester %20 Akrilik, Dokuma Kumaş
Omuzdan Boy: 90 cm
Bu üründen en fazla 10 adet sipariş verilebilir. 10 adetin üzerindeki siparişleri Trendyol iptal etme hakkını saklı tutar.
Kampanya fiyatından satılmak üzere 100 adetten fazla stok sunulmuştur.
Listelenen fiyat 12 Kasım 2022 tarihine kadar geçerlidir.
Bir ürün, birden fazla satıcı tarafından satılabilir. Birden fazla satıcı tarafından satışa sunulan ürünlerin satıcıları ürün için belirledikleri fiyata, satıcı puanlarına, teslimat statülerine, ürünlerdeki promosyonlara, kargonun bedava olup olmamasına ve ürünlerin hızlı teslimat ile teslim edilip edilememesine, ürünlerin stok ve kategorileri bilgilerine göre sıralanmaktadır.
Ürünlerimiz TRENDYOL etiketi ile gönderilecektir.",https://cdn.dsmcdn.com/ty163/product/media/images/20210824/17/122155097/84299695/1/1_org_zoom.jpg,0,1,0,1,1,1,1,1,1,,,,,,,,,,,,,,,,,,,,Siyah,"https://cdn.dsmcdn.com/ty163/product/media/images/20210824/17/122155097/84299695/1/1_org_zoom.jpg,
https://cdn.dsmcdn.com/ty162/product/media/images/20210824/17/122155097/84299695/2/2_org_zoom.jpg,
https://cdn.dsmcdn.com/ty164/product/media/images/20210824/17/122155097/84299695/3/3_org_zoom.jpg,
https://cdn.dsmcdn.com/ty162/product/media/images/20210824/17/122155097/84299695/4/4_org_zoom.jpg,
https://cdn.dsmcdn.com/ty162/product/media/images/20210824/17/122155097/84299695/5/5_org_zoom.jpg,",40,,"283,99 TL"
https://www.trendyol.com/trendyolmilla/siyah-tuvit-elbise-twoaw21el0532-p-47646842,TRENDYOLMİLLA,Siyah Tüvit Elbise TWOAW21EL0532,Siyah Tüvit Elbise TWOAW21EL0532,Siyah Tüvit Elbise TWOAW21EL0532,"TRENDYOLMİLLA Siyah Tüvit Elbise TWOAW21EL0532
Geri Bildirim Ver
Modelin Ölçüleri: Boy: 1.75, Göğüs: 80, Bel: 60, Kalça: 88
Mankenin üzerindeki ürün S/36 bedendir.
%40 Pamuk %40 Polyester %20 Akrilik, Dokuma Kumaş
Omuzdan Boy: 90 cm
Bu üründen en fazla 10 adet sipariş verilebilir. 10 adetin üzerindeki siparişleri Trendyol iptal etme hakkını saklı tutar.
Kampanya fiyatından satılmak üzere 100 adetten fazla stok sunulmuştur.
Listelenen fiyat 12 Kasım 2022 tarihine kadar geçerlidir.
Bir ürün, birden fazla satıcı tarafından satılabilir. Birden fazla satıcı tarafından satışa sunulan ürünlerin satıcıları ürün için belirledikleri fiyata, satıcı puanlarına, teslimat statülerine, ürünlerdeki promosyonlara, kargonun bedava olup olmamasına ve ürünlerin hızlı teslimat ile teslim edilip edilememesine, ürünlerin stok ve kategorileri bilgilerine göre sıralanmaktadır.
Ürünlerimiz TRENDYOL etiketi ile gönderilecektir.","TRENDYOLMİLLA Siyah Tüvit Elbise TWOAW21EL0532
Geri Bildirim Ver
Modelin Ölçüleri: Boy: 1.75, Göğüs: 80, Bel: 60, Kalça: 88
Mankenin üzerindeki ürün S/36 bedendir.
%40 Pamuk %40 Polyester %20 Akrilik, Dokuma Kumaş
Omuzdan Boy: 90 cm
Bu üründen en fazla 10 adet sipariş verilebilir. 10 adetin üzerindeki siparişleri Trendyol iptal etme hakkını saklı tutar.
Kampanya fiyatından satılmak üzere 100 adetten fazla stok sunulmuştur.
Listelenen fiyat 12 Kasım 2022 tarihine kadar geçerlidir.
Bir ürün, birden fazla satıcı tarafından satılabilir. Birden fazla satıcı tarafından satışa sunulan ürünlerin satıcıları ürün için belirledikleri fiyata, satıcı puanlarına, teslimat statülerine, ürünlerdeki promosyonlara, kargonun bedava olup olmamasına ve ürünlerin hızlı teslimat ile teslim edilip edilememesine, ürünlerin stok ve kategorileri bilgilerine göre sıralanmaktadır.
Ürünlerimiz TRENDYOL etiketi ile gönderilecektir.",https://cdn.dsmcdn.com/ty163/product/media/images/20210824/17/122155097/84299695/1/1_org_zoom.jpg,0,1,0,1,1,1,1,1,1,,,,,,,,,,,,,,,,,,,,Siyah,"https://cdn.dsmcdn.com/ty163/product/media/images/20210824/17/122155097/84299695/1/1_org_zoom.jpg,
https://cdn.dsmcdn.com/ty162/product/media/images/20210824/17/122155097/84299695/2/2_org_zoom.jpg,
https://cdn.dsmcdn.com/ty164/product/media/images/20210824/17/122155097/84299695/3/3_org_zoom.jpg,
https://cdn.dsmcdn.com/ty162/product/media/images/20210824/17/122155097/84299695/4/4_org_zoom.jpg,
https://cdn.dsmcdn.com/ty162/product/media/images/20210824/17/122155097/84299695/5/5_org_zoom.jpg,",42,,"283,99 TL"
